{
  "color": {
    "window_bg_color": ["gray98", "gray10"],
    "button": ["#608BD5", "#395E9C"],
    "button_hover": ["#A4BDE6", "#748BB3"],
    "button_border": ["gray40", "gray70"],
    "checkbox_border": ["gray40", "gray60"],
    "checkmark": ["white", "gray90"],
    "entry": ["white", "gray24"],
    "entry_border": ["gray70", "gray32"],
    "entry_placeholder_text": ["gray52", "gray62"],
    "frame_border": ["#A7C2E0", "#5FB4DD"],
    "frame_low": ["gray92", "gray16"],
    "frame_high": ["gray86", "gray20"],
    "label": [null, null],
    "text": ["gray12", "gray90"],
    "text_disabled": ["gray60", "gray50"],
    "text_button_disabled": ["gray40", "gray74"],
    "progressbar": ["#6B6B6B", "gray0"],
    "progressbar_progress": ["#608BD5", "#395E9C"],
    "progressbar_border": ["gray", "gray"],
    "slider": ["#6B6B6B", "gray6"],
    "slider_progress": ["gray70", "gray30"],
    "slider_button": ["#608BD5", "#395E9C"],
    "slider_button_hover": ["#A4BDE6", "#748BB3"],
    "switch": ["gray70", "gray35"],
    "switch_progress": ["#608BD5", "#395E9C"],
    "switch_button": ["gray38", "gray70"],
    "switch_button_hover": ["gray30", "gray90"],
    "optionmenu_button": ["#36719F", "#144870"],
    "optionmenu_button_hover": ["#27577D", "#203A4F"],
    "combobox_border": ["gray70", "gray32"],
    "combobox_button_hover": ["#6E7174", "#7A848D"],
    "dropdown_color": ["gray90", "gray20"],
    "dropdown_hover": ["gray75", "gray28"],
    "dropdown_text": ["gray10", "#DCE4EE"]
  },
  "text": {
    "macOS": {
      "font": "SF Display",
      "size": -13
    },
    "Windows": {
      "font": "Roboto",
      "size": -13
    },
    "Linux": {
      "font": "Roboto",
      "size": -13
    }
  },
  "shape": {
    "button_corner_radius": 8,
    "button_border_width": 0,
    "checkbox_corner_radius": 7,
    "checkbox_border_width": 3,
    "radiobutton_corner_radius": 1000,
    "radiobutton_border_width_unchecked": 3,
    "radiobutton_border_width_checked": 6,
    "entry_border_width": 2,
    "frame_corner_radius": 10,
    "frame_border_width": 0,
    "label_corner_radius": 8,
    "progressbar_border_width": 0,
    "progressbar_corner_radius": 1000,
    "slider_border_width": 6,
    "slider_corner_radius": 8,
    "slider_button_length": 0,
    "slider_button_corner_radius": 1000,
    "switch_border_width": 3,
    "switch_corner_radius": 1000,
    "switch_button_corner_radius": 1000,
    "switch_button_length": 0
  }
}
